model,variable,coefficient,std_error,p_value,n_obs
m1_logit_baseline,Intercept,-5.400296735566762,0.18566842096207847,5.444041878708309e-186,159410
m1_logit_baseline,C(built_cat)[T.1985_2],-0.258738306275376,0.14628258408550582,0.07693447920147559,159410
m1_logit_baseline,C(built_cat)[T.1985_3],-0.2473901858022701,0.1433585620406499,0.08440602459172193,159410
m1_logit_baseline,C(built_cat)[T.1985_4],-0.4901796325247198,0.13468797309079336,0.000273303789442863,159410
m1_logit_baseline,C(built_cat)[T.1985_5],-0.4171287496024849,0.13333674751160612,0.0017576947040732417,159410
m1_logit_baseline,C(built_cat)[T.1985_6],-0.5664872178159074,0.1529350764617431,0.00021214037083181378,159410
m1_logit_baseline,C(built_cat)[T.1985_7],-0.5602888158931782,0.1702056669483044,0.0009953631505638127,159410
m1_logit_baseline,C(built_cat)[T.1985_8],-0.5546292991365318,0.17582918536122252,0.0016084818138573528,159410
m1_logit_baseline,C(built_cat)[T.1985_80],-0.27537903502872524,0.25592603939604125,0.2819226838445529,159410
m1_logit_baseline,C(built_cat)[T.1985_81],-0.22422605226143144,0.26662950413576014,0.4003676025537971,159410
m1_logit_baseline,C(built_cat)[T.1985_82],0.15683811078152127,0.26012168055318535,0.5465477231881155,159410
m1_logit_baseline,C(built_cat)[T.1985_83],-0.18186329682758576,0.2521640403200187,0.47078015103662807,159410
m1_logit_baseline,C(built_cat)[T.1985_84],-0.28082206065011955,0.2560536680383332,0.27275888937901815,159410
m1_logit_baseline,C(built_cat)[T.1985_85],-1.3959041414149012,0.5204567165178087,0.0073166972934898475,159410
m1_logit_baseline,C(built_cat)[T.1985_9],-0.5462391630898664,0.1532748676592385,0.00036554095615365416,159410
m1_logit_baseline,C(built_cat)[T.1987_1],-0.3315446601945532,0.17766761463251277,0.06202806527189623,159410
m1_logit_baseline,C(built_cat)[T.1987_2],-0.4741971699233223,0.14843219814155317,0.0013997356041939738,159410
m1_logit_baseline,C(built_cat)[T.1987_3],-0.3868664950840833,0.14467446702667328,0.007494168422441038,159410
m1_logit_baseline,C(built_cat)[T.1987_4],-0.705596724080019,0.13821809717341785,3.308788396032132e-07,159410
m1_logit_baseline,C(built_cat)[T.1987_5],-0.6763247136715205,0.13850277183938506,1.0442388054214797e-06,159410
m1_logit_baseline,C(built_cat)[T.1987_6],-0.5841135824753702,0.15407543271051635,0.0001499885658540072,159410
m1_logit_baseline,C(built_cat)[T.1987_7],-0.46919378938222306,0.16529926101887413,0.004533313356923372,159410
m1_logit_baseline,C(built_cat)[T.1987_8],-0.5578100178430014,0.17586616096725488,0.0015150403950366063,159410
m1_logit_baseline,C(built_cat)[T.1987_80],-0.07909724797746796,0.2308372350561013,0.7318589483904061,159410
m1_logit_baseline,C(built_cat)[T.1987_81],-0.6830982957540633,0.30854451691304746,0.026833074326364486,159410
m1_logit_baseline,C(built_cat)[T.1987_82],-0.06513341877592484,0.28098986872254145,0.8166934477071099,159410
m1_logit_baseline,C(built_cat)[T.1987_83],-0.17101093862816358,0.2440504447477843,0.48347799978219475,159410
m1_logit_baseline,C(built_cat)[T.1987_84],-0.2668020081550479,0.23968199400204468,0.2656440188064676,159410
m1_logit_baseline,C(built_cat)[T.1987_85],0.01815026507031567,0.20623338130654734,0.9298700184889566,159410
m1_logit_baseline,C(built_cat)[T.1987_86],-0.46086323031540105,0.2420416827372646,0.05690164738296025,159410
m1_logit_baseline,C(built_cat)[T.1987_87],-2.2679744349005313,0.7210990423592114,0.0016599399525765882,159410
m1_logit_baseline,C(built_cat)[T.1987_9],-0.6793534513614662,0.1533566812358459,9.4280531241524e-06,159410
m1_logit_baseline,C(built_cat)[T.1989_1],-0.6287245790963322,0.19786276537722486,0.0014851019616114825,159410
m1_logit_baseline,C(built_cat)[T.1989_2],-0.6999998501872553,0.15670299160214712,7.930618691555167e-06,159410
m1_logit_baseline,C(built_cat)[T.1989_3],-0.5583566604269867,0.1496123709700836,0.00018994890492522875,159410
m1_logit_baseline,C(built_cat)[T.1989_4],-0.8343933150357283,0.13943712355869495,2.1770827693172652e-09,159410
m1_logit_baseline,C(built_cat)[T.1989_5],-0.8140695755388958,0.1385064786625964,4.165496287827104e-09,159410
m1_logit_baseline,C(built_cat)[T.1989_6],-0.6606880573190153,0.15427318714544053,1.8473441766699035e-05,159410
m1_logit_baseline,C(built_cat)[T.1989_7],-0.9742848799616496,0.18505318404773702,1.402724053770958e-07,159410
m1_logit_baseline,C(built_cat)[T.1989_8],-0.8691217200209518,0.18638955016116676,3.1173641602060387e-06,159410
m1_logit_baseline,C(built_cat)[T.1989_80],-0.2460709509805866,0.23991102590535113,0.3050443904678948,159410
m1_logit_baseline,C(built_cat)[T.1989_81],-0.6754620084362528,0.2991196584507411,0.023935277577626164,159410
m1_logit_baseline,C(built_cat)[T.1989_82],-0.9254318051473516,0.3803791264830773,0.014977629193194716,159410
m1_logit_baseline,C(built_cat)[T.1989_83],-0.6238426188200037,0.2834617198796567,0.027750169185727192,159410
m1_logit_baseline,C(built_cat)[T.1989_84],-0.8419505279458197,0.29838318299784167,0.004776849284608181,159410
m1_logit_baseline,C(built_cat)[T.1989_85],-0.306775083139552,0.22962248051529463,0.1815500573798744,159410
m1_logit_baseline,C(built_cat)[T.1989_86],-0.6631344326291222,0.27007567660687004,0.01407415047368038,159410
m1_logit_baseline,C(built_cat)[T.1989_87],-0.9072786252126072,0.2818747003917388,0.0012875954976206343,159410
m1_logit_baseline,C(built_cat)[T.1989_88],-1.1574583376952317,0.34321061890093496,0.000745044364888871,159410
m1_logit_baseline,C(built_cat)[T.1989_89],-2.6568896310181103,1.0112620075916032,0.008606517903519541,159410
m1_logit_baseline,C(built_cat)[T.1989_9],-0.5608142936791074,0.1516540893107492,0.00021731915988189196,159410
m1_logit_baseline,C(built_cat)[T.1991_1],-0.5319324509905491,0.1866151572781264,0.004366088912853893,159410
m1_logit_baseline,C(built_cat)[T.1991_2],-0.6909078275103464,0.15357930235212489,6.836895945686399e-06,159410
m1_logit_baseline,C(built_cat)[T.1991_3],-0.9293069987235338,0.15962324694080907,5.81901759053902e-09,159410
m1_logit_baseline,C(built_cat)[T.1991_4],-0.81072590995563,0.14047357165997584,7.862644324957599e-09,159410
m1_logit_baseline,C(built_cat)[T.1991_5],-0.9603645752518809,0.14490734914037107,3.415613745242106e-11,159410
m1_logit_baseline,C(built_cat)[T.1991_6],-0.8295697505037503,0.16220168320922215,3.1468363543621526e-07,159410
m1_logit_baseline,C(built_cat)[T.1991_7],-0.7559872224861501,0.17624369614039623,1.791220784924622e-05,159410
m1_logit_baseline,C(built_cat)[T.1991_8],-1.1390161744398644,0.20635894904794355,3.397973121341388e-08,159410
m1_logit_baseline,C(built_cat)[T.1991_80],-1.1127700366442403,0.3290928670450228,0.000721370879284496,159410
m1_logit_baseline,C(built_cat)[T.1991_81],-0.309772513537,0.266495537007252,0.24507591597421496,159410
m1_logit_baseline,C(built_cat)[T.1991_82],-1.3014698635684092,0.46933524436710977,0.005554094577762775,159410
m1_logit_baseline,C(built_cat)[T.1991_83],-0.637808727763999,0.2912027018226712,0.02850561051472551,159410
m1_logit_baseline,C(built_cat)[T.1991_84],-0.5354753251165361,0.26503653970640056,0.04334367308723231,159410
m1_logit_baseline,C(built_cat)[T.1991_85],-0.3490004792884908,0.2264820184860226,0.1233257175353649,159410
m1_logit_baseline,C(built_cat)[T.1991_86],-0.4790760234079874,0.23865559416948623,0.04470763107294443,159410
m1_logit_baseline,C(built_cat)[T.1991_87],-0.5470012144710352,0.23482141519620353,0.019836034701369017,159410
m1_logit_baseline,C(built_cat)[T.1991_88],-0.39490647472177975,0.23582663780373636,0.0940200766277964,159410
m1_logit_baseline,C(built_cat)[T.1991_89],-0.48951631304701976,0.23511903738268455,0.03734306131127508,159410
m1_logit_baseline,C(built_cat)[T.1991_9],-0.6395937568560833,0.15233579559638902,2.68596049573026e-05,159410
m1_logit_baseline,C(built_cat)[T.1991_90],-1.5045977184977584,0.4008985656382011,0.0001746866781683773,159410
m1_logit_baseline,C(built_cat)[T.1991_91],-1.9296948270478427,0.7232504442546945,0.0076284589989532746,159410
m1_logit_baseline,C(built_cat)[T.1993_1],-0.5078881690263218,0.19025084803656023,0.007594818760678196,159410
m1_logit_baseline,C(built_cat)[T.1993_2],-0.7057138644095607,0.15543176414332924,5.616220028566498e-06,159410
m1_logit_baseline,C(built_cat)[T.1993_3],-0.5229121319933947,0.14820284125500555,0.0004181520726319831,159410
m1_logit_baseline,C(built_cat)[T.1993_4],-0.9062827995002106,0.13984694258977381,9.139884364116906e-11,159410
m1_logit_baseline,C(built_cat)[T.1993_5],-0.723212701575079,0.13650173003116156,1.1695341541348004e-07,159410
m1_logit_baseline,C(built_cat)[T.1993_6],-0.731708897328704,0.15420853199338486,2.085770647449463e-06,159410
m1_logit_baseline,C(built_cat)[T.1993_7],-0.6015242025379286,0.1656477377108257,0.00028194719346529755,159410
m1_logit_baseline,C(built_cat)[T.1993_8],-0.8020493779636364,0.18144290373578414,9.852046345215973e-06,159410
m1_logit_baseline,C(built_cat)[T.1993_80],-0.573564800770136,0.2647931920662185,0.030304623161212546,159410
m1_logit_baseline,C(built_cat)[T.1993_81],-0.7212415397011596,0.2989180060339318,0.015828734765376874,159410
m1_logit_baseline,C(built_cat)[T.1993_82],-0.7306871026356934,0.3457754631163105,0.03458504042436682,159410
m1_logit_baseline,C(built_cat)[T.1993_83],-0.34407301692872855,0.24718597473587628,0.1639344772775183,159410
m1_logit_baseline,C(built_cat)[T.1993_84],-0.3508223022860427,0.2431366281588952,0.14904810838109223,159410
m1_logit_baseline,C(built_cat)[T.1993_85],-0.23821474440663526,0.21933953641379467,0.27745477229201176,159410
m1_logit_baseline,C(built_cat)[T.1993_86],-0.6217652903390248,0.26467762238584175,0.01881673469829502,159410
m1_logit_baseline,C(built_cat)[T.1993_87],-0.6614993995185342,0.2541623579225975,0.009250236978304002,159410
m1_logit_baseline,C(built_cat)[T.1993_88],-0.37116965216976583,0.2434017097377496,0.12727749807158795,159410
m1_logit_baseline,C(built_cat)[T.1993_89],-1.0069607747796618,0.28922072738932736,0.0004983639932843605,159410
m1_logit_baseline,C(built_cat)[T.1993_9],-0.7846433778684001,0.15745762048803993,6.254009045729846e-07,159410
m1_logit_baseline,C(built_cat)[T.1993_90],-0.6096786891756123,0.276945062061817,0.027704697919066164,159410
m1_logit_baseline,C(built_cat)[T.1993_91],-0.6995515549788928,0.28329085851913394,0.013534904130270649,159410
m1_logit_baseline,C(built_cat)[T.1993_92],-1.576041951816631,0.4005415824774515,8.327385223073475e-05,159410
m1_logit_baseline,C(built_cat)[T.1993_93],-0.8265198852145971,0.5265324866243873,0.11647526670969731,159410
m1_logit_baseline,C(built_cat)[T.1995_1],2.665934555370023,0.13941487790667093,1.646502905404678e-81,159410
m1_logit_baseline,C(built_cat)[T.1995_2],3.1902168509353364,0.1298311094498939,2.5140180999718203e-133,159410
m1_logit_baseline,C(built_cat)[T.1995_3],3.002453207253762,0.12785075549361796,5.937103949202722e-122,159410
m1_logit_baseline,C(built_cat)[T.1995_4],2.9369358680701807,0.12298300615029387,4.8460526662999226e-126,159410
m1_logit_baseline,C(built_cat)[T.1995_5],2.8314129025365156,0.12242217228491331,2.4059030792275325e-118,159410
m1_logit_baseline,C(built_cat)[T.1995_6],2.8359625355170692,0.12660644127912926,3.9509872180929765e-111,159410
m1_logit_baseline,C(built_cat)[T.1995_7],2.7268369919442903,0.131313460619928,8.813480924486582e-96,159410
m1_logit_baseline,C(built_cat)[T.1995_8],2.942504061924797,0.13371789854770771,2.561516893441112e-107,159410
m1_logit_baseline,C(built_cat)[T.1995_80],2.852754946029719,0.1730817548326034,4.9321218133302445e-61,159410
m1_logit_baseline,C(built_cat)[T.1995_81],2.711296699138358,0.18265769532308682,7.654264302027981e-50,159410
m1_logit_baseline,C(built_cat)[T.1995_82],2.7249175462669952,0.20380331299323162,9.014007047658144e-41,159410
m1_logit_baseline,C(built_cat)[T.1995_83],2.9502682451105127,0.18205515317984589,4.622161384639001e-59,159410
m1_logit_baseline,C(built_cat)[T.1995_84],2.653668047107498,0.17883502835586082,8.241361093201052e-50,159410
m1_logit_baseline,C(built_cat)[T.1995_85],2.6534575709770873,0.164012878665173,7.1691302471023005e-59,159410
m1_logit_baseline,C(built_cat)[T.1995_86],2.457744432055758,0.16475881126407743,2.5464126444019713e-50,159410
m1_logit_baseline,C(built_cat)[T.1995_87],2.197693596615657,0.16077616661153107,1.549316038993838e-42,159410
m1_logit_baseline,C(built_cat)[T.1995_88],2.292796240103674,0.163900667381748,1.821115424746671e-44,159410
m1_logit_baseline,C(built_cat)[T.1995_89],1.887825020950593,0.16090271582381319,8.663885489037242e-32,159410
m1_logit_baseline,C(built_cat)[T.1995_9],2.8000803137443437,0.12734667650035728,3.763585415238207e-107,159410
m1_logit_baseline,C(built_cat)[T.1995_90],2.1755275537156873,0.16904185852036005,6.661183542591676e-38,159410
m1_logit_baseline,C(built_cat)[T.1995_91],1.9044579992688613,0.16699642142024876,3.984941321890875e-30,159410
m1_logit_baseline,C(built_cat)[T.1995_92],1.8962066748726,0.1639602337444886,6.196235701578101e-31,159410
m1_logit_baseline,C(built_cat)[T.1995_93],2.138764514380146,0.16115547052756002,3.3902114157874902e-40,159410
m1_logit_baseline,C(built_cat)[T.1995_94],1.8064730986944026,0.16488257308056992,6.210596037921494e-28,159410
m1_logit_baseline,C(built_cat)[T.1995_95],1.3851370953112463,0.20984712541872025,4.0923176662202817e-11,159410
m1_logit_baseline,C(built_cat)[T.1997_1919],2.763704817562763,0.13204737948679046,2.8762851736252484e-97,159410
m1_logit_baseline,C(built_cat)[T.1997_1920],2.767800483667279,0.13983611548183764,3.408871333513363e-87,159410
m1_logit_baseline,C(built_cat)[T.1997_1930],2.669140710592762,0.1371760427766741,2.504182951824121e-84,159410
m1_logit_baseline,C(built_cat)[T.1997_1940],2.680269932740901,0.1317433934496269,5.180679151181691e-92,159410
m1_logit_baseline,C(built_cat)[T.1997_1950],2.6626661966666125,0.12700057573327853,1.3469361270732567e-97,159410
m1_logit_baseline,C(built_cat)[T.1997_1960],2.7700938911969377,0.12720862188080892,3.918977478021994e-105,159410
m1_logit_baseline,C(built_cat)[T.1997_1970],2.8087142435253676,0.1320007077195591,1.814284441748709e-100,159410
m1_logit_baseline,C(built_cat)[T.1997_1975],2.8671465348445575,0.13071986967076285,1.2442737342876135e-106,159410
m1_logit_baseline,C(built_cat)[T.1997_1980],2.641087456827251,0.13775392961801833,6.28141529395609e-82,159410
m1_logit_baseline,C(built_cat)[T.1997_1985],2.310210586292877,0.13333680084638222,2.9877499296963014e-67,159410
m1_logit_baseline,C(built_cat)[T.1997_1990],1.974291592582835,0.18132563795245238,1.3135268837666016e-27,159410
m1_logit_baseline,C(built_cat)[T.1997_1991],1.8427051632625069,0.17805295114452066,4.220080156772292e-25,159410
m1_logit_baseline,C(built_cat)[T.1997_1992],1.8333650960940449,0.1773981721124648,4.907090258769686e-25,159410
m1_logit_baseline,C(built_cat)[T.1997_1993],1.8755758200717256,0.16422164335962602,3.284229946740736e-30,159410
m1_logit_baseline,C(built_cat)[T.1997_1994],1.826535544879334,0.16696877830346657,7.470594082217956e-28,159410
m1_logit_baseline,C(built_cat)[T.1997_1995],2.090460963890328,0.16136229250211503,2.1991461395259872e-38,159410
m1_logit_baseline,C(built_cat)[T.1997_1996],1.8604969330591647,0.16255789240575969,2.4871859588493453e-30,159410
m1_logit_baseline,C(built_cat)[T.1997_1997],1.2743436126853855,0.21069113937085826,1.4629428639657686e-09,159410
m1_logit_baseline,log_value,0.02509548319399948,0.012290678110065706,0.04116833346206732,159410
m1_logit_baseline,log_income,0.27244192073813245,0.009843170550153294,1.2754161968132613e-168,159410
m1_logit_baseline,log_tax,0.006250448746920398,0.007455667201196498,0.40183490395671106,159410
m2_logit_geo_wave,Intercept,-5.451850844676876,0.19219122627391833,5.194120237516173e-177,159410
m2_logit_geo_wave,C(built_cat)[T.1985_2],-0.2600497285648736,0.14628944438415867,0.0754632686990195,159410
m2_logit_geo_wave,C(built_cat)[T.1985_3],-0.24750950692123136,0.143364590963018,0.08426936007492937,159410
m2_logit_geo_wave,C(built_cat)[T.1985_4],-0.48812703818252196,0.1346972301654562,0.0002902126298846332,159410
m2_logit_geo_wave,C(built_cat)[T.1985_5],-0.4125487864748364,0.13336440164457425,0.0019788049627429685,159410
m2_logit_geo_wave,C(built_cat)[T.1985_6],-0.5612050995447377,0.152970907884924,0.00024378239486000838,159410
m2_logit_geo_wave,C(built_cat)[T.1985_7],-0.5533474290826459,0.17024962593938042,0.0011531888294565367,159410
m2_logit_geo_wave,C(built_cat)[T.1985_8],-0.5438787803872565,0.17592687891383313,0.0019914480156931888,159410
m2_logit_geo_wave,C(built_cat)[T.1985_80],-0.2784292739838811,0.2559405255531856,0.2766537878054942,159410
m2_logit_geo_wave,C(built_cat)[T.1985_81],-0.22585581643835803,0.2666408594470298,0.3969721096796657,159410
m2_logit_geo_wave,C(built_cat)[T.1985_82],0.15410954830579507,0.2601390842979095,0.5535746474822681,159410
m2_logit_geo_wave,C(built_cat)[T.1985_83],-0.18601480960145106,0.25218426725777704,0.4607486514205993,159410
m2_logit_geo_wave,C(built_cat)[T.1985_84],-0.2828960176667122,0.25606628406357257,0.269256437910253,159410
m2_logit_geo_wave,C(built_cat)[T.1985_85],-1.395717998591887,0.5204670487323441,0.007325689161269936,159410
m2_logit_geo_wave,C(built_cat)[T.1985_9],-0.5324239525432704,0.15345502554898877,0.0005212795676301025,159410
m2_logit_geo_wave,C(built_cat)[T.1987_1],-0.3323023072149991,0.17767428876243574,0.06144366550166852,159410
m2_logit_geo_wave,C(built_cat)[T.1987_2],-0.47504298806681594,0.1484380185750106,0.001372948894903065,159410
m2_logit_geo_wave,C(built_cat)[T.1987_3],-0.3864489110478214,0.14468023250889858,0.0075613174371725695,159410
m2_logit_geo_wave,C(built_cat)[T.1987_4],-0.703804747257366,0.1382262180541238,3.5489013014510126e-07,159410
m2_logit_geo_wave,C(built_cat)[T.1987_5],-0.6713794750420289,0.13853160882166615,1.257224331637686e-06,159410
m2_logit_geo_wave,C(built_cat)[T.1987_6],-0.5794598530862342,0.15410134059955974,0.00016974237198586438,159410
m2_logit_geo_wave,C(built_cat)[T.1987_7],-0.46253716852307436,0.1653397786388814,0.005150059857276398,159410
m2_logit_geo_wave,C(built_cat)[T.1987_8],-0.5473135150589155,0.17595823667607738,0.0018678735762263706,159410
m2_logit_geo_wave,C(built_cat)[T.1987_80],-0.08184091956965749,0.23084993803314804,0.7229492197427981,159410
m2_logit_geo_wave,C(built_cat)[T.1987_81],-0.6843511993083835,0.3085493843627441,0.026557337381081025,159410
m2_logit_geo_wave,C(built_cat)[T.1987_82],-0.06859246296122093,0.28100349922390194,0.8071547263246429,159410
m2_logit_geo_wave,C(built_cat)[T.1987_83],-0.17532828635281994,0.24406965638626565,0.47253936446354894,159410
m2_logit_geo_wave,C(built_cat)[T.1987_84],-0.26989634569539067,0.2396994397159187,0.26017474329566437,159410
m2_logit_geo_wave,C(built_cat)[T.1987_85],0.01655964116053246,0.20624379262037293,0.9360053502080122,159410
m2_logit_geo_wave,C(built_cat)[T.1987_86],-0.4634448426128263,0.24205087872836178,0.05553603231687788,159410
m2_logit_geo_wave,C(built_cat)[T.1987_87],-2.2669595809512617,0.7211042692135414,0.001668073292759229,159410
m2_logit_geo_wave,C(built_cat)[T.1987_9],-0.6662093550286454,0.15352151341875117,1.4279563787706358e-05,159410
m2_logit_geo_wave,C(built_cat)[T.1989_1],-0.6300312864721046,0.19786782785547263,0.00145203988820308,159410
m2_logit_geo_wave,C(built_cat)[T.1989_2],-0.7022249531804187,0.15671195872364882,7.429707475076912e-06,159410
m2_logit_geo_wave,C(built_cat)[T.1989_3],-0.559154135693155,0.14961815165227696,0.0001860750759902781,159410
m2_logit_geo_wave,C(built_cat)[T.1989_4],-0.8328459608537431,0.13944361633029925,2.3345040828425765e-09,159410
m2_logit_geo_wave,C(built_cat)[T.1989_5],-0.8098040052483685,0.13852853766359574,5.042733042273569e-09,159410
m2_logit_geo_wave,C(built_cat)[T.1989_6],-0.6559705815143454,0.1542981765006241,2.1251637571841717e-05,159410
m2_logit_geo_wave,C(built_cat)[T.1989_7],-0.9679964995942861,0.18508638424290386,1.695362484833501e-07,159410
m2_logit_geo_wave,C(built_cat)[T.1989_8],-0.8593921976983067,0.1864650391589197,4.048730509869798e-06,159410
m2_logit_geo_wave,C(built_cat)[T.1989_80],-0.2497289135312664,0.23992414074539656,0.297937679872212,159410
m2_logit_geo_wave,C(built_cat)[T.1989_81],-0.6783049977082595,0.2991289329524809,0.0233535509176103,159410
m2_logit_geo_wave,C(built_cat)[T.1989_82],-0.9301759722608421,0.38039675501384507,0.014474036161300404,159410
m2_logit_geo_wave,C(built_cat)[T.1989_83],-0.6290996865330811,0.2834804634494818,0.02647315897192029,159410
m2_logit_geo_wave,C(built_cat)[T.1989_84],-0.8454677010147529,0.2983949584189997,0.004605792432045938,159410
m2_logit_geo_wave,C(built_cat)[T.1989_85],-0.30953371327848744,0.22964318980197493,0.1776938290755561,159410
m2_logit_geo_wave,C(built_cat)[T.1989_86],-0.6672834671015749,0.2700861954715414,0.013487471404282678,159410
m2_logit_geo_wave,C(built_cat)[T.1989_87],-0.9093913133190095,0.28188075487420067,0.0012546491365275079,159410
m2_logit_geo_wave,C(built_cat)[T.1989_88],-1.1607031386408881,0.34322166338945487,0.0007201551866903863,159410
m2_logit_geo_wave,C(built_cat)[T.1989_89],-2.6568688060489465,1.011264675432568,0.008607214153231407,159410
m2_logit_geo_wave,C(built_cat)[T.1989_9],-0.5479471808230275,0.15181597191811833,0.0003070415818964024,159410
m2_logit_geo_wave,C(built_cat)[T.1991_1],-0.533440241819001,0.18662221012206223,0.004257882042755226,159410
m2_logit_geo_wave,C(built_cat)[T.1991_2],-0.6926340119566365,0.15358761853745048,6.491950788791446e-06,159410
m2_logit_geo_wave,C(built_cat)[T.1991_3],-0.9299014605170178,0.15962995756111412,5.69907048868994e-09,159410
m2_logit_geo_wave,C(built_cat)[T.1991_4],-0.8098814063626868,0.1404794660802268,8.159829005241377e-09,159410
m2_logit_geo_wave,C(built_cat)[T.1991_5],-0.9561382883341654,0.14492893121263495,4.1873925155298744e-11,159410
m2_logit_geo_wave,C(built_cat)[T.1991_6],-0.8257012000144257,0.16221830513469396,3.57946816014511e-07,159410
m2_logit_geo_wave,C(built_cat)[T.1991_7],-0.7503057900294232,0.17627223405669035,2.0763610189636277e-05,159410
m2_logit_geo_wave,C(built_cat)[T.1991_8],-1.1297380248373416,0.20642174642374836,4.425792696204889e-08,159410
m2_logit_geo_wave,C(built_cat)[T.1991_80],-1.1164375051821684,0.32910580842417075,0.0006929938502466099,159410
m2_logit_geo_wave,C(built_cat)[T.1991_81],-0.311836812772044,0.26650015413753597,0.24195320578087987,159410
m2_logit_geo_wave,C(built_cat)[T.1991_82],-1.3066367150093567,0.4693471260497761,0.005370209371868379,159410
m2_logit_geo_wave,C(built_cat)[T.1991_83],-0.6431065831492686,0.29122419053032733,0.027224275573374045,159410
m2_logit_geo_wave,C(built_cat)[T.1991_84],-0.5399160573127677,0.26505609524096335,0.04165125514834816,159410
m2_logit_geo_wave,C(built_cat)[T.1991_85],-0.35206899945896664,0.22649794147790028,0.12008840257422033,159410
m2_logit_geo_wave,C(built_cat)[T.1991_86],-0.4837470896563875,0.23867633073215963,0.042683769574092804,159410
m2_logit_geo_wave,C(built_cat)[T.1991_87],-0.5496965070262818,0.23483130264755056,0.019241727217757607,159410
m2_logit_geo_wave,C(built_cat)[T.1991_88],-0.39892927407417006,0.23584506035609148,0.09074348837485433,159410
m2_logit_geo_wave,C(built_cat)[T.1991_89],-0.49307532273566185,0.2351320301659298,0.03599227444063885,159410
m2_logit_geo_wave,C(built_cat)[T.1991_9],-0.6275137776655134,0.15248046342741098,3.8655604029889435e-05,159410
m2_logit_geo_wave,C(built_cat)[T.1991_90],-1.5073553442546823,0.4009065953463561,0.00017000394008246695,159410
m2_logit_geo_wave,C(built_cat)[T.1991_91],-1.9311372182323934,0.7232632485900191,0.007584364362110056,159410
m2_logit_geo_wave,C(built_cat)[T.1993_1],-0.5098861707102532,0.19025828377141776,0.007362913092999194,159410
m2_logit_geo_wave,C(built_cat)[T.1993_2],-0.7088064628746787,0.15544579910639447,5.1194977723856344e-06,159410
m2_logit_geo_wave,C(built_cat)[T.1993_3],-0.5245878627517199,0.14821134261595537,0.00040094915118091745,159410
m2_logit_geo_wave,C(built_cat)[T.1993_4],-0.9059443434458573,0.13985177395603327,9.301440477991853e-11,159410
m2_logit_geo_wave,C(built_cat)[T.1993_5],-0.7200158958254079,0.13651638711572742,1.3333022254310657e-07,159410
m2_logit_geo_wave,C(built_cat)[T.1993_6],-0.7282569416575254,0.1542231730596554,2.3342411738215087e-06,159410
m2_logit_geo_wave,C(built_cat)[T.1993_7],-0.5961818603563536,0.16567551638740305,0.0003200688823406944,159410
m2_logit_geo_wave,C(built_cat)[T.1993_8],-0.7930745365055136,0.18151177961282133,1.2466078778747522e-05,159410
m2_logit_geo_wave,C(built_cat)[T.1993_80],-0.5781655458194797,0.26481165016337005,0.029013093703641173,159410
m2_logit_geo_wave,C(built_cat)[T.1993_81],-0.7250271085493954,0.29892962054038735,0.015291075979845522,159410
m2_logit_geo_wave,C(built_cat)[T.1993_82],-0.7365978609940707,0.3458032874262966,0.03316281449041778,159410
m2_logit_geo_wave,C(built_cat)[T.1993_83],-0.3508615364446178,0.24722436341744589,0.15583986728898883,159410
m2_logit_geo_wave,C(built_cat)[T.1993_84],-0.35546720226795764,0.24315562850338565,0.14377088173979508,159410
m2_logit_geo_wave,C(built_cat)[T.1993_85],-0.24218466898882418,0.21937252436160876,0.2695982748324587,159410
m2_logit_geo_wave,C(built_cat)[T.1993_86],-0.6270487023888943,0.2646986066706008,0.01784031610652624,159410
m2_logit_geo_wave,C(built_cat)[T.1993_87],-0.6643140605423548,0.2541756228694611,0.008959318735804474,159410
m2_logit_geo_wave,C(built_cat)[T.1993_88],-0.37571229783658044,0.24342540546844746,0.12272426391614528,159410
m2_logit_geo_wave,C(built_cat)[T.1993_89],-1.0107800871005141,0.2892317312256254,0.00047458285744833703,159410
m2_logit_geo_wave,C(built_cat)[T.1993_9],-0.7725899018530165,0.1575975620654377,9.472295060371428e-07,159410
m2_logit_geo_wave,C(built_cat)[T.1993_90],-0.6134720255530762,0.2769555217268302,0.026756212235695073,159410
m2_logit_geo_wave,C(built_cat)[T.1993_91],-0.7038389085848502,0.28330892623715886,0.012978768840995948,159410
m2_logit_geo_wave,C(built_cat)[T.1993_92],-1.578296006541054,0.4005535281402168,8.138405997369525e-05,159410
m2_logit_geo_wave,C(built_cat)[T.1993_93],-0.8268153990302389,0.5265476849199435,0.11635524039209118,159410
m2_logit_geo_wave,C(built_cat)[T.1995_1],2.6653490386282344,0.13943333052703624,1.8732453929363218e-81,159410
m2_logit_geo_wave,C(built_cat)[T.1995_2],3.1880268312410522,0.12984769532885207,4.112583436120647e-133,159410
m2_logit_geo_wave,C(built_cat)[T.1995_3],3.001787364744441,0.12786031136657972,6.993667402411042e-122,159410
m2_logit_geo_wave,C(built_cat)[T.1995_4],2.9378922241543273,0.12299282182072471,4.2111063814190394e-126,159410
m2_logit_geo_wave,C(built_cat)[T.1995_5],2.8352276020970812,0.1224480971641884,1.3088836320683936e-118,159410
m2_logit_geo_wave,C(built_cat)[T.1995_6],2.8397516696200853,0.12662829226042288,2.2006965613969017e-111,159410
m2_logit_geo_wave,C(built_cat)[T.1995_7],2.7322169160141945,0.13135089838784894,4.247628162902196e-96,159410
m2_logit_geo_wave,C(built_cat)[T.1995_8],2.9515879963224876,0.13381520524053772,8.148243633272192e-108,159410
m2_logit_geo_wave,C(built_cat)[T.1995_80],2.8484813922968235,0.17310956335621192,7.749104893611555e-61,159410
m2_logit_geo_wave,C(built_cat)[T.1995_81],2.7089450475120085,0.18266879558792784,9.39870138246375e-50,159410
m2_logit_geo_wave,C(built_cat)[T.1995_82],2.7202371665994116,0.2038346079949686,1.2613530552731804e-40,159410
m2_logit_geo_wave,C(built_cat)[T.1995_83],2.9450793306165393,0.18209661080207895,7.798133004604117e-59,159410
m2_logit_geo_wave,C(built_cat)[T.1995_84],2.6501742623607942,0.17885569199982987,1.1309668115584156e-49,159410
m2_logit_geo_wave,C(built_cat)[T.1995_85],2.65106923301536,0.164037568511188,9.446366719457819e-59,159410
m2_logit_geo_wave,C(built_cat)[T.1995_86],2.452984057174444,0.1647861616055986,4.072043530660914e-50,159410
m2_logit_geo_wave,C(built_cat)[T.1995_87],2.1951108298888236,0.16079190795887394,1.9675354001008285e-42,159410
m2_logit_geo_wave,C(built_cat)[T.1995_88],2.2893042743810272,0.1639245972184393,2.5279111509779714e-44,159410
m2_logit_geo_wave,C(built_cat)[T.1995_89],1.8846503924727034,0.1609167937011219,1.1069614760771603e-31,159410
m2_logit_geo_wave,C(built_cat)[T.1995_9],2.8118166468533756,0.12751979766495153,9.543923668990884e-108,159410
m2_logit_geo_wave,C(built_cat)[T.1995_90],2.171972211602824,0.1690562852907249,8.868850467798951e-38,159410
m2_logit_geo_wave,C(built_cat)[T.1995_91],1.9006783167020642,0.16702353978638063,5.277902297735924e-30,159410
m2_logit_geo_wave,C(built_cat)[T.1995_92],1.8928437721722042,0.16399151221128663,8.071111146911472e-31,159410
m2_logit_geo_wave,C(built_cat)[T.1995_93],2.1375481680292467,0.16117512749518154,3.8311710896016525e-40,159410
m2_logit_geo_wave,C(built_cat)[T.1995_94],1.8028046344150976,0.16491204875323145,8.111748559072283e-28,159410
m2_logit_geo_wave,C(built_cat)[T.1995_95],1.3825198274684494,0.20987996307277926,4.4821943520903217e-11,159410
m2_logit_geo_wave,C(built_cat)[T.1997_1919],2.7562770092223148,0.132121359582345,1.1933700067352998e-96,159410
m2_logit_geo_wave,C(built_cat)[T.1997_1920],2.7586184534598384,0.13992783088259608,1.616517357773792e-86,159410
m2_logit_geo_wave,C(built_cat)[T.1997_1930],2.6560334649834503,0.13735419075511276,2.6172519864668496e-83,159410
m2_logit_geo_wave,C(built_cat)[T.1997_1940],2.6654333189251207,0.13197925764969692,1.0647819380085849e-90,159410
m2_logit_geo_wave,C(built_cat)[T.1997_1950],2.6473476210045437,0.12726081121493005,4.105184488145661e-96,159410
m2_logit_geo_wave,C(built_cat)[T.1997_1960],2.7513490245574186,0.12759675243953142,4.0116998024291053e-103,159410
m2_logit_geo_wave,C(built_cat)[T.1997_1970],2.7888211036176873,0.13242296511174798,1.853679978715983e-98,159410
m2_logit_geo_wave,C(built_cat)[T.1997_1975],2.845159303622279,0.13123700161198706,3.1998405572585266e-104,159410
m2_logit_geo_wave,C(built_cat)[T.1997_1980],2.6174230370938854,0.13833083333798607,7.590420739298996e-80,159410
m2_logit_geo_wave,C(built_cat)[T.1997_1985],2.2870458512964653,0.13390998214222954,2.128079706722417e-65,159410
m2_logit_geo_wave,C(built_cat)[T.1997_1990],1.9498547508985271,0.18179041172193655,7.698492227279433e-27,159410
m2_logit_geo_wave,C(built_cat)[T.1997_1991],1.81725091165994,0.17857580659814695,2.528543552930496e-24,159410
m2_logit_geo_wave,C(built_cat)[T.1997_1992],1.8104166753723887,0.17782945605637288,2.4197865917747126e-24,159410
m2_logit_geo_wave,C(built_cat)[T.1997_1993],1.8537269888212289,0.16464727785648248,2.096478945194804e-29,159410
m2_logit_geo_wave,C(built_cat)[T.1997_1994],1.802346616290983,0.16747419005011754,5.2064364499324864e-27,159410
m2_logit_geo_wave,C(built_cat)[T.1997_1995],2.06658696986491,0.16187197186935207,2.5127645454494837e-37,159410
m2_logit_geo_wave,C(built_cat)[T.1997_1996],1.8386721721756756,0.16299099398294592,1.6321620726606024e-29,159410
m2_logit_geo_wave,C(built_cat)[T.1997_1997],1.2628839633059934,0.21082991059173073,2.0976272427166175e-09,159410
m2_logit_geo_wave,C(REGION)[T.2],0.015722535650879648,0.024820865734886094,0.5264461809447964,159410
m2_logit_geo_wave,C(REGION)[T.3],0.04551828958397796,0.025979812629303135,0.07976283574653585,159410
m2_logit_geo_wave,C(REGION)[T.4],0.03053189640561998,0.0272899785504506,0.26322752938125327,159410
m2_logit_geo_wave,log_value,0.025550856195778193,0.012789026294627312,0.04573038077690919,159410
m2_logit_geo_wave,log_income,0.2728556972973484,0.0098521581050025,8.01666728867917e-169,159410
m2_logit_geo_wave,log_tax,0.011301945888303012,0.007920764440177877,0.1536157414223814,159410
m3_logit_uncertainty,Intercept,-5.781996247527402,0.20270497054585826,5.871395614060468e-179,159410
m3_logit_uncertainty,C(built_cat)[T.1985_2],-0.2599366368817671,0.14629794695059245,0.07560740193688308,159410
m3_logit_uncertainty,C(built_cat)[T.1985_3],-0.2421276803552859,0.14337619155424947,0.09126582916971011,159410
m3_logit_uncertainty,C(built_cat)[T.1985_4],-0.47701616281037507,0.13472160868595956,0.00039898440373767314,159410
m3_logit_uncertainty,C(built_cat)[T.1985_5],-0.39587123296165155,0.13341026267729028,0.0030040598158497475,159410
m3_logit_uncertainty,C(built_cat)[T.1985_6],-0.5450550952965151,0.15300893929276055,0.0003676991345531711,159410
m3_logit_uncertainty,C(built_cat)[T.1985_7],-0.5381808525142151,0.1702803780029484,0.0015746775374229384,159410
m3_logit_uncertainty,C(built_cat)[T.1985_8],-0.5261615836505601,0.17596450261814306,0.0027883360011002564,159410
m3_logit_uncertainty,C(built_cat)[T.1985_80],-0.2771499871339046,0.2559435057088554,0.27887229887326437,159410
m3_logit_uncertainty,C(built_cat)[T.1985_81],-0.22736481981799214,0.2666366928078717,0.3938179690347342,159410
m3_logit_uncertainty,C(built_cat)[T.1985_82],0.15463924485822775,0.2601399864926888,0.5522136684606063,159410
m3_logit_uncertainty,C(built_cat)[T.1985_83],-0.182029235342433,0.2521900041873421,0.4704211304600152,159410
m3_logit_uncertainty,C(built_cat)[T.1985_84],-0.2830660706954434,0.2560735825528291,0.2689823585823625,159410
m3_logit_uncertainty,C(built_cat)[T.1985_85],-1.3922793196310816,0.5204606244001801,0.007470905949717445,159410
m3_logit_uncertainty,C(built_cat)[T.1985_9],-0.5224427688998341,0.1534744574509249,0.0006638186303829396,159410
m3_logit_uncertainty,C(built_cat)[T.1987_1],-0.34301015634389076,0.17769405951470071,0.053564580725461,159410
m3_logit_uncertainty,C(built_cat)[T.1987_2],-0.4844512908409747,0.14845711776426143,0.0011014597437603293,159410
m3_logit_uncertainty,C(built_cat)[T.1987_3],-0.39145080931597437,0.14469082348493628,0.006821614470188944,159410
m3_logit_uncertainty,C(built_cat)[T.1987_4],-0.7021316787665876,0.138233921513209,3.78826346889518e-07,159410
m3_logit_uncertainty,C(built_cat)[T.1987_5],-0.6646356392184916,0.13854482860838338,1.6085032448367894e-06,159410
m3_logit_uncertainty,C(built_cat)[T.1987_6],-0.574141742016617,0.15411214835008327,0.00019494383149194994,159410
m3_logit_uncertainty,C(built_cat)[T.1987_7],-0.4587552111810938,0.16534819157091593,0.005529007403856232,159410
m3_logit_uncertainty,C(built_cat)[T.1987_8],-0.539824513692058,0.17597087829718475,0.0021571859328223066,159410
m3_logit_uncertainty,C(built_cat)[T.1987_80],-0.08865837196930686,0.23086299076559208,0.7009560273930688,159410
m3_logit_uncertainty,C(built_cat)[T.1987_81],-0.6941850253885173,0.30856182047704844,0.024465216925438668,159410
m3_logit_uncertainty,C(built_cat)[T.1987_82],-0.07767679764295295,0.281017902452729,0.7822314300100934,159410
m3_logit_uncertainty,C(built_cat)[T.1987_83],-0.17981022521826334,0.24407205850622843,0.4612989759926023,159410
m3_logit_uncertainty,C(built_cat)[T.1987_84],-0.276945241899935,0.23971003010441003,0.2479535173750249,159410
m3_logit_uncertainty,C(built_cat)[T.1987_85],0.00862318809680911,0.20626226512658677,0.9666526258975493,159410
m3_logit_uncertainty,C(built_cat)[T.1987_86],-0.47279873446540266,0.2420662413170348,0.05079837125260442,159410
m3_logit_uncertainty,C(built_cat)[T.1987_87],-2.2810422360668774,0.7211140103677959,0.0015603438597664489,159410
m3_logit_uncertainty,C(built_cat)[T.1987_9],-0.6684672531320837,0.15353080480035758,1.3369903852974459e-05,159410
m3_logit_uncertainty,C(built_cat)[T.1989_1],-0.6408481113251169,0.1978860632692155,0.0012017259052069533,159410
m3_logit_uncertainty,C(built_cat)[T.1989_2],-0.712179631957858,0.1567317908271847,5.5212750193397145e-06,159410
m3_logit_uncertainty,C(built_cat)[T.1989_3],-0.5643485748782636,0.14962841521291897,0.00016216049025876417,159410
m3_logit_uncertainty,C(built_cat)[T.1989_4],-0.8315494094800749,0.13945053243587463,2.475844495546085e-09,159410
m3_logit_uncertainty,C(built_cat)[T.1989_5],-0.8032700194922804,0.13854017216164458,6.7069742251455935e-09,159410
m3_logit_uncertainty,C(built_cat)[T.1989_6],-0.6498692332816467,0.15430954113880774,2.5371985733271306e-05,159410
m3_logit_uncertainty,C(built_cat)[T.1989_7],-0.9617010694756033,0.18509509039536526,2.0393607605219133e-07,159410
m3_logit_uncertainty,C(built_cat)[T.1989_8],-0.8504374899019207,0.18647822721494545,5.102735576085408e-06,159410
m3_logit_uncertainty,C(built_cat)[T.1989_80],-0.25951590716547773,0.23993835297291036,0.27943292688412413,159410
m3_logit_uncertainty,C(built_cat)[T.1989_81],-0.6891851904990839,0.2991467233946976,0.021231813915753232,159410
m3_logit_uncertainty,C(built_cat)[T.1989_82],-0.9384653551382774,0.38041453638531975,0.013626766888243906,159410
m3_logit_uncertainty,C(built_cat)[T.1989_83],-0.6376947521420411,0.2835002185641802,0.024489444247748526,159410
m3_logit_uncertainty,C(built_cat)[T.1989_84],-0.8556989684209777,0.2984063924628236,0.004136471483986443,159410
m3_logit_uncertainty,C(built_cat)[T.1989_85],-0.31958845105960115,0.22966624278334818,0.1640634703939059,159410
m3_logit_uncertainty,C(built_cat)[T.1989_86],-0.6799582001331461,0.2701184030519086,0.011827157934662111,159410
m3_logit_uncertainty,C(built_cat)[T.1989_87],-0.9249690640062302,0.28190630455464766,0.001033948988039608,159410
m3_logit_uncertainty,C(built_cat)[T.1989_88],-1.1769073681940967,0.3432457328973756,0.0006063446123813825,159410
m3_logit_uncertainty,C(built_cat)[T.1989_89],-2.673884987946769,1.0112759372409166,0.008191556509465035,159410
m3_logit_uncertainty,C(built_cat)[T.1989_9],-0.5486703959900849,0.15182432182342764,0.0003016830971582639,159410
m3_logit_uncertainty,C(built_cat)[T.1991_1],-0.5506745505576986,0.18665930328351082,0.003176108336630632,159410
m3_logit_uncertainty,C(built_cat)[T.1991_2],-0.7067201531162256,0.1536187424643908,4.215158477011379e-06,159410
m3_logit_uncertainty,C(built_cat)[T.1991_3],-0.9400407002937513,0.159648534277798,3.904510923444405e-09,159410
m3_logit_uncertainty,C(built_cat)[T.1991_4],-0.8124264205336575,0.14048679992099608,7.340722682234927e-09,159410
m3_logit_uncertainty,C(built_cat)[T.1991_5],-0.9545813715982062,0.1449357677162076,4.511123741333558e-11,159410
m3_logit_uncertainty,C(built_cat)[T.1991_6],-0.8257771598874769,0.16222469976761655,3.5744201988243905e-07,159410
m3_logit_uncertainty,C(built_cat)[T.1991_7],-0.7520610613576116,0.17627845917654408,1.987199230693886e-05,159410
m3_logit_uncertainty,C(built_cat)[T.1991_8],-1.1282584572404861,0.20642650351077382,4.6117027150459337e-08,159410
m3_logit_uncertainty,C(built_cat)[T.1991_80],-1.129284083408691,0.3291276981188254,0.0006010444383164844,159410
m3_logit_uncertainty,C(built_cat)[T.1991_81],-0.3266611090353302,0.26652063258854897,0.22033027827125784,159410
m3_logit_uncertainty,C(built_cat)[T.1991_82],-1.3198569729185032,0.46935921372625816,0.00492283517763937,159410
m3_logit_uncertainty,C(built_cat)[T.1991_83],-0.6534622938082157,0.2912399925422754,0.024850135587268698,159410
m3_logit_uncertainty,C(built_cat)[T.1991_84],-0.5524436740678893,0.26507667652773315,0.03715197351249403,159410
m3_logit_uncertainty,C(built_cat)[T.1991_85],-0.36511522360692616,0.22652365727532503,0.10700124699989794,159410
m3_logit_uncertainty,C(built_cat)[T.1991_86],-0.49706791538922024,0.23870893999702023,0.037313435560633004,159410
m3_logit_uncertainty,C(built_cat)[T.1991_87],-0.567823473398322,0.2348688501940451,0.015622410456129514,159410
m3_logit_uncertainty,C(built_cat)[T.1991_88],-0.4168127203275692,0.23587691568040944,0.07721529986106805,159410
m3_logit_uncertainty,C(built_cat)[T.1991_89],-0.5107190437602629,0.2351701460949096,0.029878286509434672,159410
m3_logit_uncertainty,C(built_cat)[T.1991_9],-0.6367245151982,0.1524999839448262,2.976679245426143e-05,159410
m3_logit_uncertainty,C(built_cat)[T.1991_90],-1.5238499331352378,0.4009287791145882,0.00014422992970338427,159410
m3_logit_uncertainty,C(built_cat)[T.1991_91],-1.951166669576608,0.7232671234672626,0.00698177348990698,159410
m3_logit_uncertainty,C(built_cat)[T.1993_1],-0.5107856363433969,0.1902638501658295,0.007261288362504094,159410
m3_logit_uncertainty,C(built_cat)[T.1993_2],-0.7110254104066205,0.15545347817763056,4.787762436355323e-06,159410
m3_logit_uncertainty,C(built_cat)[T.1993_3],-0.5206144929316591,0.14821943978452698,0.00044398289402523226,159410
m3_logit_uncertainty,C(built_cat)[T.1993_4],-0.8951533711324694,0.13987282744478682,1.556152132623552e-10,159410
m3_logit_uncertainty,C(built_cat)[T.1993_5],-0.7041390000638009,0.13655624848968212,2.5173928082104035e-07,159410
m3_logit_uncertainty,C(built_cat)[T.1993_6],-0.714694406219374,0.15425151529415027,3.5987272875459538e-06,159410
m3_logit_uncertainty,C(built_cat)[T.1993_7],-0.5830336882795571,0.16570050711169115,0.0004338314242486643,159410
m3_logit_uncertainty,C(built_cat)[T.1993_8],-0.7785318646139602,0.18153856638453908,1.7986719563637086e-05,159410
m3_logit_uncertainty,C(built_cat)[T.1993_80],-0.5779982727407729,0.2648181941100142,0.02906358696097083,159410
m3_logit_uncertainty,C(built_cat)[T.1993_81],-0.7263397088652938,0.29892891161674723,0.015106844393116221,159410
m3_logit_uncertainty,C(built_cat)[T.1993_82],-0.7370176542293914,0.3458122133461045,0.033067272149174695,159410
m3_logit_uncertainty,C(built_cat)[T.1993_83],-0.34723476695331795,0.2472368519197412,0.1601813155560482,159410
m3_logit_uncertainty,C(built_cat)[T.1993_84],-0.3530425141835143,0.2431575849594677,0.146527106263764,159410
m3_logit_uncertainty,C(built_cat)[T.1993_85],-0.24155157667916075,0.2193854847864564,0.2708804734870772,159410
m3_logit_uncertainty,C(built_cat)[T.1993_86],-0.6274052728765097,0.2647125091151955,0.017781429575250397,159410
m3_logit_uncertainty,C(built_cat)[T.1993_87],-0.670671839691208,0.25418834630019,0.008327767357298831,159410
m3_logit_uncertainty,C(built_cat)[T.1993_88],-0.380957225846912,0.24343817153155892,0.11760555796488853,159410
m3_logit_uncertainty,C(built_cat)[T.1993_89],-1.0152381205495542,0.2892402874969698,0.00044807924372865845,159410
m3_logit_uncertainty,C(built_cat)[T.1993_9],-0.7671155406680215,0.1576095651594942,1.1319676886008966e-06,159410
m3_logit_uncertainty,C(built_cat)[T.1993_90],-0.6175441000838313,0.2769666425121946,0.025769386207292185,159410
m3_logit_uncertainty,C(built_cat)[T.1993_91],-0.710952329654257,0.28332482427153094,0.01209642324864159,159410
m3_logit_uncertainty,C(built_cat)[T.1993_92],-1.5865437516373746,0.40056478979595034,7.470944308301466e-05,159410
m3_logit_uncertainty,C(built_cat)[T.1993_93],-0.835076508155078,0.5265583687106642,0.11275872500740378,159410
m3_logit_uncertainty,C(built_cat)[T.1995_1],2.6631045233264246,0.13944600521584433,2.636198525863902e-81,159410
m3_logit_uncertainty,C(built_cat)[T.1995_2],3.187223268584335,0.12985740854920194,5.00963562103901e-133,159410
m3_logit_uncertainty,C(built_cat)[T.1995_3],3.004853135975539,0.127871370816563,4.1729803578380245e-122,159410
m3_logit_uncertainty,C(built_cat)[T.1995_4],2.946414367082705,0.12301378304467904,8.827489901529844e-127,159410
m3_logit_uncertainty,C(built_cat)[T.1995_5],2.8469889219867026,0.12247943031822642,1.612085803386291e-119,159410
m3_logit_uncertainty,C(built_cat)[T.1995_6],2.8500611833336142,0.12665379824792075,3.8994125783030085e-112,159410
m3_logit_uncertainty,C(built_cat)[T.1995_7],2.74222694006223,0.13137493742554288,9.366398682985777e-97,159410
m3_logit_uncertainty,C(built_cat)[T.1995_8],2.9635003894225753,0.1338446231027249,1.2639918456869226e-108,159410
m3_logit_uncertainty,C(built_cat)[T.1995_80],2.8474796285105626,0.17311913287785824,8.655045116890043e-61,159410
m3_logit_uncertainty,C(built_cat)[T.1995_81],2.707000928525939,0.18268425213299233,1.1220268288187648e-49,159410
m3_logit_uncertainty,C(built_cat)[T.1995_82],2.7220663152784454,0.20383367840660926,1.1172891217703841e-40,159410
m3_logit_uncertainty,C(built_cat)[T.1995_83],2.9463959707062752,0.1821043600425619,7.0122467466014535e-59,159410
m3_logit_uncertainty,C(built_cat)[T.1995_84],2.650700910235006,0.17886224246143725,1.0912472160626171e-49,159410
m3_logit_uncertainty,C(built_cat)[T.1995_85],2.652426486910064,0.16405318814342867,8.468514115115953e-59,159410
m3_logit_uncertainty,C(built_cat)[T.1995_86],2.4527126719775314,0.16480785146722104,4.297585806752127e-50,159410
m3_logit_uncertainty,C(built_cat)[T.1995_87],2.19167990265727,0.16079981678921015,2.6606960092965978e-42,159410
m3_logit_uncertainty,C(built_cat)[T.1995_88],2.2877075956786146,0.16393193037549755,2.923619929242467e-44,159410
m3_logit_uncertainty,C(built_cat)[T.1995_89],1.882085399527407,0.1609295458306731,1.3504517122889162e-31,159410
m3_logit_uncertainty,C(built_cat)[T.1995_9],2.815608023967987,0.1275337325147967,5.2169347509438945e-108,159410
m3_logit_uncertainty,C(built_cat)[T.1995_90],2.1676468694608064,0.1690664842516759,1.246437083401022e-37,159410
m3_logit_uncertainty,C(built_cat)[T.1995_91],1.8958989704800453,0.16703823749370134,7.408670040307818e-30,159410
m3_logit_uncertainty,C(built_cat)[T.1995_92],1.8856589133503778,0.16401405227563298,1.3668314306085057e-30,159410
m3_logit_uncertainty,C(built_cat)[T.1995_93],2.1329925662136717,0.1611818906347389,5.624477393144493e-40,159410
m3_logit_uncertainty,C(built_cat)[T.1995_94],1.8036962474301832,0.16492713515149762,7.7271480357750365e-28,159410
m3_logit_uncertainty,C(built_cat)[T.1995_95],1.385401446579592,0.20990260683841813,4.1057364357351914e-11,159410
m3_logit_uncertainty,C(built_cat)[T.1997_1919],2.728013065457696,0.13225424270558095,1.569810252533241e-94,159410
m3_logit_uncertainty,C(built_cat)[T.1997_1920],2.7341721923610334,0.14004032980858114,6.841021391198812e-85,159410
m3_logit_uncertainty,C(built_cat)[T.1997_1930],2.629126321934595,0.13748080738344404,1.606653075776013e-81,159410
m3_logit_uncertainty,C(built_cat)[T.1997_1940],2.634331351452877,0.13213626275173462,1.964268442256338e-88,159410
m3_logit_uncertainty,C(built_cat)[T.1997_1950],2.6206512802936,0.12737288194319546,4.631495074219713e-94,159410
m3_logit_uncertainty,C(built_cat)[T.1997_1960],2.721500528195965,0.12773472320585486,1.0013096172890664e-100,159410
m3_logit_uncertainty,C(built_cat)[T.1997_1970],2.7551272572603374,0.13259532814374528,6.779299128118954e-96,159410
m3_logit_uncertainty,C(built_cat)[T.1997_1975],2.8100522897957263,0.1314231682450055,1.977423372241285e-101,159410
m3_logit_uncertainty,C(built_cat)[T.1997_1980],2.586509050700756,0.1384701845460533,7.313842958273214e-78,159410
m3_logit_uncertainty,C(built_cat)[T.1997_1985],2.2492870180586833,0.13412670115874778,4.0541119252182835e-63,159410
m3_logit_uncertainty,C(built_cat)[T.1997_1990],1.909403965956959,0.1820328295316165,9.670304063524159e-26,159410
m3_logit_uncertainty,C(built_cat)[T.1997_1991],1.7732724407109879,0.17888493813540948,3.657886561849582e-23,159410
m3_logit_uncertainty,C(built_cat)[T.1997_1992],1.771398789677706,0.17803272119982175,2.5256476890229437e-23,159410
m3_logit_uncertainty,C(built_cat)[T.1997_1993],1.8047558534797308,0.16495541736538974,7.3490885687918465e-28,159410
m3_logit_uncertainty,C(built_cat)[T.1997_1994],1.7458389820143043,0.1678739948119568,2.487181298804692e-25,159410
m3_logit_uncertainty,C(built_cat)[T.1997_1995],2.0132911586863775,0.16224335163417436,2.333105673117538e-35,159410
m3_logit_uncertainty,C(built_cat)[T.1997_1996],1.7859425245784841,0.1633535256202162,8.0162370492000605e-28,159410
m3_logit_uncertainty,C(built_cat)[T.1997_1997],1.2118353616416782,0.21110052517530561,9.436363386204334e-09,159410
m3_logit_uncertainty,C(REGION)[T.2],0.011295720960376832,0.024855694093455272,0.6495035016071766,159410
m3_logit_uncertainty,C(REGION)[T.3],0.04411267454520065,0.025990410350598153,0.08964612964658093,159410
m3_logit_uncertainty,C(REGION)[T.4],0.045956482315047724,0.02745904328473017,0.09420187991314863,159410
m3_logit_uncertainty,log_value,0.037259299358543246,0.013000904168033334,0.004158247571562989,159410
m3_logit_uncertainty,log_income,0.2738885757267097,0.00985740759619233,6.575478362874823e-170,159410
m3_logit_uncertainty,log_tax,0.011743765919400257,0.007921967485936139,0.13822579362715107,159410
m3_logit_uncertainty,uncertainty,0.2764254318649595,0.05341695333276536,2.2807789607728647e-07,159410
m4_logit_option_value,Intercept,-6.109723413916736,0.41404089848580766,2.8012152774417364e-49,159410
m4_logit_option_value,C(built_cat)[T.1985_2],-0.2601690783500617,0.14629998349374557,0.07535031293033201,159410
m4_logit_option_value,C(built_cat)[T.1985_3],-0.24191408006991114,0.14337811007367388,0.09155614359647983,159410
m4_logit_option_value,C(built_cat)[T.1985_4],-0.4764731365557182,0.13472451765524587,0.0004052400526711823,159410
m4_logit_option_value,C(built_cat)[T.1985_5],-0.39475678440406053,0.13341741187181586,0.003088293573809801,159410
m4_logit_option_value,C(built_cat)[T.1985_6],-0.5435387055334985,0.15301943383101416,0.0003821850172754494,159410
m4_logit_option_value,C(built_cat)[T.1985_7],-0.5371214346140875,0.17028639503411291,0.0016092551341807045,159410
m4_logit_option_value,C(built_cat)[T.1985_8],-0.5247461665305395,0.17597325117993717,0.002864042580175047,159410
m4_logit_option_value,C(built_cat)[T.1985_80],-0.27744953940296246,0.25594660672437913,0.2783588782765031,159410
m4_logit_option_value,C(built_cat)[T.1985_81],-0.2280011766359224,0.26663991758514755,0.39250122243457863,159410
m4_logit_option_value,C(built_cat)[T.1985_82],0.15423298214716746,0.26014466958046184,0.5532655531671089,159410
m4_logit_option_value,C(built_cat)[T.1985_83],-0.1824174519990046,0.252192818572749,0.4694800384901542,159410
m4_logit_option_value,C(built_cat)[T.1985_84],-0.28361212864434254,0.2560770991925659,0.2680664370011606,159410
m4_logit_option_value,C(built_cat)[T.1985_85],-1.393538763687832,0.5204652966370642,0.007417685949788636,159410
m4_logit_option_value,C(built_cat)[T.1985_9],-0.5211400398958711,0.15348258503486759,0.0006851980638680683,159410
m4_logit_option_value,C(built_cat)[T.1987_1],-0.34392191399980093,0.177698186461771,0.052937886921740625,159410
m4_logit_option_value,C(built_cat)[T.1987_2],-0.48535391292389074,0.14846180139807416,0.0010784538396402619,159410
m4_logit_option_value,C(built_cat)[T.1987_3],-0.39227541558877943,0.14469514505052747,0.006707101120339552,159410
m4_logit_option_value,C(built_cat)[T.1987_4],-0.7026382057237994,0.1382365905621178,3.7178001539857253e-07,159410
m4_logit_option_value,C(built_cat)[T.1987_5],-0.6648600778866577,0.13854670384216036,1.5960668867248019e-06,159410
m4_logit_option_value,C(built_cat)[T.1987_6],-0.5741414067058503,0.15411380952071718,0.00019497655156140963,159410
m4_logit_option_value,C(built_cat)[T.1987_7],-0.45892756738387686,0.16535026591549662,0.0055119047625476125,159410
m4_logit_option_value,C(built_cat)[T.1987_8],-0.5397494308160564,0.175972874567752,0.0021605192670032035,159410
m4_logit_option_value,C(built_cat)[T.1987_80],-0.0893082701981503,0.2308665347952168,0.6988751118083945,159410
m4_logit_option_value,C(built_cat)[T.1987_81],-0.6949878428121847,0.30856425910150886,0.024301567898399195,159410
m4_logit_option_value,C(built_cat)[T.1987_82],-0.07833892952601154,0.28102206024547133,0.7804256815396099,159410
m4_logit_option_value,C(built_cat)[T.1987_83],-0.18081765244670267,0.24407679223412745,0.4588008894166644,159410
m4_logit_option_value,C(built_cat)[T.1987_84],-0.27798506741492846,0.23971450285675586,0.24619109002626138,159410
m4_logit_option_value,C(built_cat)[T.1987_85],0.0075972119293565375,0.20626734030231966,0.9706190624406863,159410
m4_logit_option_value,C(built_cat)[T.1987_86],-0.47394974452381083,0.24207070341256529,0.0502419833931348,159410
m4_logit_option_value,C(built_cat)[T.1987_87],-2.282524811746601,0.7211160341982429,0.0015494068135518963,159410
m4_logit_option_value,C(built_cat)[T.1987_9],-0.6687362395349117,0.15353288438531296,1.3266973866553e-05,159410
m4_logit_option_value,C(built_cat)[T.1989_1],-0.6423044966177301,0.1978941070954692,0.0011716308032654462,159410
m4_logit_option_value,C(built_cat)[T.1989_2],-0.713216778690727,0.1567373047467433,5.354508964186915e-06,159410
m4_logit_option_value,C(built_cat)[T.1989_3],-0.5655869407402342,0.14963616590846066,0.00015698740725522217,159410
m4_logit_option_value,C(built_cat)[T.1989_4],-0.8326815730035645,0.13945772634612918,2.3601643953696125e-09,159410
m4_logit_option_value,C(built_cat)[T.1989_5],-0.8043824262270541,0.13854738456597784,6.404829586691068e-09,159410
m4_logit_option_value,C(built_cat)[T.1989_6],-0.650655801246578,0.1543138397774383,2.4818390305275274e-05,159410
m4_logit_option_value,C(built_cat)[T.1989_7],-0.9626273752194234,0.1851001758558195,1.9867276540764095e-07,159410
m4_logit_option_value,C(built_cat)[T.1989_8],-0.8513248295552668,0.1864831536675531,4.9912122835088935e-06,159410
m4_logit_option_value,C(built_cat)[T.1989_80],-0.26082827066271325,0.23994474837956803,0.2770214688904553,159410
m4_logit_option_value,C(built_cat)[T.1989_81],-0.6904056581770278,0.29915205293671815,0.021006068715039104,159410
m4_logit_option_value,C(built_cat)[T.1989_82],-0.9395639320045438,0.3804191017147522,0.013518380838827386,159410
m4_logit_option_value,C(built_cat)[T.1989_83],-0.6387248941892736,0.2835045325616982,0.02426155494298877,159410
m4_logit_option_value,C(built_cat)[T.1989_84],-0.8570501175243915,0.2984117941362952,0.004078334685816087,159410
m4_logit_option_value,C(built_cat)[T.1989_85],-0.320932302527371,0.22967364185799755,0.16231117492446934,159410
m4_logit_option_value,C(built_cat)[T.1989_86],-0.6813050979606644,0.2701238425503821,0.011662492369716808,159410
m4_logit_option_value,C(built_cat)[T.1989_87],-0.9265703529035416,0.28191287103677165,0.001013594171683401,159410
m4_logit_option_value,C(built_cat)[T.1989_88],-1.178755935040727,0.3432531041316234,0.0005945858468408241,159410
m4_logit_option_value,C(built_cat)[T.1989_89],-2.6759236012266645,1.0112791376318837,0.00814310080802221,159410
m4_logit_option_value,C(built_cat)[T.1989_9],-0.5493370191455904,0.15182808259558664,0.00029671459092430754,159410
m4_logit_option_value,C(built_cat)[T.1991_1],-0.5522027665166755,0.1866678638554844,0.0030943110867140454,159410
m4_logit_option_value,C(built_cat)[T.1991_2],-0.7081798528138918,0.15362830714510217,4.032574425970798e-06,159410
m4_logit_option_value,C(built_cat)[T.1991_3],-0.9415394384853015,0.15965826442579417,3.696834502220785e-09,159410
m4_logit_option_value,C(built_cat)[T.1991_4],-0.8139043120594194,0.1404976877995574,6.913657055552425e-09,159410
m4_logit_option_value,C(built_cat)[T.1991_5],-0.9559448781657657,0.1449450971195633,4.246242420612672e-11,159410
m4_logit_option_value,C(built_cat)[T.1991_6],-0.8270511124889403,0.16223244179887683,3.433711943931773e-07,159410
m4_logit_option_value,C(built_cat)[T.1991_7],-0.7533543576128912,0.17628609946659995,1.9244928983582938e-05,159410
m4_logit_option_value,C(built_cat)[T.1991_8],-1.1293719942117855,0.2064317589422062,4.4770101943976774e-08,159410
m4_logit_option_value,C(built_cat)[T.1991_80],-1.1307791377910077,0.3291325703810437,0.0005911684412959236,159410
m4_logit_option_value,C(built_cat)[T.1991_81],-0.32811272745696474,0.26652627775063126,0.21829637219529008,159410
m4_logit_option_value,C(built_cat)[T.1991_82],-1.320905679243408,0.469362597743431,0.004889054523404266,159410
m4_logit_option_value,C(built_cat)[T.1991_83],-0.6548278997972498,0.29124573237704393,0.02455266502127196,159410
m4_logit_option_value,C(built_cat)[T.1991_84],-0.5539327442026539,0.2650835571392642,0.03664895005931377,159410
m4_logit_option_value,C(built_cat)[T.1991_85],-0.36653485825989823,0.22653095548349342,0.10565520375243906,159410
m4_logit_option_value,C(built_cat)[T.1991_86],-0.49873586907071776,0.23871663917727515,0.03668630612782655,159410
m4_logit_option_value,C(built_cat)[T.1991_87],-0.5695765855725163,0.23487741075297422,0.01530859061300958,159410
m4_logit_option_value,C(built_cat)[T.1991_88],-0.41887146199446074,0.23588895062454943,0.07577996386324234,159410
m4_logit_option_value,C(built_cat)[T.1991_89],-0.5126181812237763,0.2351802876761825,0.029281060211020844,159410
m4_logit_option_value,C(built_cat)[T.1991_9],-0.637783648736197,0.1525061549188716,2.8893172371309666e-05,159410
m4_logit_option_value,C(built_cat)[T.1991_90],-1.5257719528181615,0.4009354573701695,0.00014150080153896904,159410
m4_logit_option_value,C(built_cat)[T.1991_91],-1.9534726925908266,0.7232730601786994,0.0069156587252465675,159410
m4_logit_option_value,C(built_cat)[T.1993_1],-0.5120955431977637,0.1902720713666776,0.007115586392420803,159410
m4_logit_option_value,C(built_cat)[T.1993_2],-0.712171731787157,0.15546020500922259,4.626363949070929e-06,159410
m4_logit_option_value,C(built_cat)[T.1993_3],-0.521747866565513,0.14822644753851313,0.00043164811145578007,159410
m4_logit_option_value,C(built_cat)[T.1993_4],-0.8962976810621766,0.1398803480606372,1.4782561341233944e-10,159410
m4_logit_option_value,C(built_cat)[T.1993_5],-0.7050362105112702,0.13656181290940128,2.433317553734353e-07,159410
m4_logit_option_value,C(built_cat)[T.1993_6],-0.7151788088269913,0.15425453250567273,3.5460634604592543e-06,159410
m4_logit_option_value,C(built_cat)[T.1993_7],-0.5834739630509282,0.16570392906843456,0.0004296249832870873,159410
m4_logit_option_value,C(built_cat)[T.1993_8],-0.7791392814902213,0.18154234182663898,1.7724875945136e-05,159410
m4_logit_option_value,C(built_cat)[T.1993_80],-0.5791441806954276,0.26482361854882336,0.02874943637143303,159410
m4_logit_option_value,C(built_cat)[T.1993_81],-0.7275974797178391,0.2989352802021427,0.014934512184596982,159410
m4_logit_option_value,C(built_cat)[T.1993_82],-0.7379455994579366,0.3458173821971588,0.0328495735755292,159410
m4_logit_option_value,C(built_cat)[T.1993_83],-0.3483202035580449,0.24724282929725025,0.15888892512873098,159410
m4_logit_option_value,C(built_cat)[T.1993_84],-0.3545399344805232,0.24316596753114808,0.14483606129058452,159410
m4_logit_option_value,C(built_cat)[T.1993_85],-0.24314329162307233,0.21939490903317263,0.26775605939421754,159410
m4_logit_option_value,C(built_cat)[T.1993_86],-0.6292484454436362,0.26472262912666833,0.017453595504542972,159410
m4_logit_option_value,C(built_cat)[T.1993_87],-0.67260305059381,0.2541993244008073,0.008145773721824142,159410
m4_logit_option_value,C(built_cat)[T.1993_88],-0.3833918165108427,0.2434557045920159,0.11530472863522546,159410
m4_logit_option_value,C(built_cat)[T.1993_89],-1.0174050775983008,0.289252342446695,0.000435859603357767,159410
m4_logit_option_value,C(built_cat)[T.1993_9],-0.7672749598686237,0.1576116224951559,1.1265526467751553e-06,159410
m4_logit_option_value,C(built_cat)[T.1993_90],-0.6195467573636148,0.2769782940523572,0.025299011057950193,159410
m4_logit_option_value,C(built_cat)[T.1993_91],-0.712850182758045,0.2833347713786125,0.011871907859814733,159410
m4_logit_option_value,C(built_cat)[T.1993_92],-1.5882297263589766,0.4005707830472677,7.342162903650645e-05,159410
m4_logit_option_value,C(built_cat)[T.1993_93],-0.8374536088968525,0.526570812785481,0.1117466432486623,159410
m4_logit_option_value,C(built_cat)[T.1995_1],2.6617202116390537,0.1394561948376341,3.2742427308515517e-81,159410
m4_logit_option_value,C(built_cat)[T.1995_2],3.185885245261806,0.12986656628080365,6.733788673726606e-133,159410
m4_logit_option_value,C(built_cat)[T.1995_3],3.0035667679535534,0.12788060141528296,5.50302932139499e-122,159410
m4_logit_option_value,C(built_cat)[T.1995_4],2.9451559566008116,0.12302281413512232,1.1768406392903498e-126,159410
m4_logit_option_value,C(built_cat)[T.1995_5],2.845885530717846,0.12248696305281646,2.0555495811208402e-119,159410
m4_logit_option_value,C(built_cat)[T.1995_6],2.8492986109716716,0.1266586450048456,4.553818786704937e-112,159410
m4_logit_option_value,C(built_cat)[T.1995_7],2.7415543207546547,0.13137975197000737,1.0593309045391545e-96,159410
m4_logit_option_value,C(built_cat)[T.1995_8],2.9628105364148074,0.13384960876714075,1.4432560461601595e-108,159410
m4_logit_option_value,C(built_cat)[T.1995_80],2.8462973391311923,0.1731264826982063,9.799963816073369e-61,159410
m4_logit_option_value,C(built_cat)[T.1995_81],2.7057250669807624,0.18269521429050894,1.2614841656273207e-49,159410
m4_logit_option_value,C(built_cat)[T.1995_82],2.7212370277928986,0.2038416359239861,1.1883028654190604e-40,159410
m4_logit_option_value,C(built_cat)[T.1995_83],2.9450013886320594,0.1821151108510392,8.064749799950327e-59,159410
m4_logit_option_value,C(built_cat)[T.1995_84],2.6491229127139637,0.17887379097385742,1.2621860381740843e-49,159410
m4_logit_option_value,C(built_cat)[T.1995_85],2.6510573619057567,0.16406329889507132,9.854410828111001e-59,159410
m4_logit_option_value,C(built_cat)[T.1995_86],2.4510561951477667,0.16482050203332416,5.079970471027414e-50,159410
m4_logit_option_value,C(built_cat)[T.1995_87],2.189303400425234,0.16082518063119527,3.3547594056016374e-42,159410
m4_logit_option_value,C(built_cat)[T.1995_88],2.285434904845908,0.16395464404763774,3.6482292583359124e-44,159410
m4_logit_option_value,C(built_cat)[T.1995_89],1.8797370326481957,0.1609543264778018,1.6378427446051842e-31,159410
m4_logit_option_value,C(built_cat)[T.1995_9],2.815357259613194,0.12753631560269632,5.5030186215674544e-108,159410
m4_logit_option_value,C(built_cat)[T.1995_90],2.165289592400045,0.16908895143430885,1.5249434901146863e-37,159410
m4_logit_option_value,C(built_cat)[T.1995_91],1.8937396677648521,0.16705883839143118,8.72666112214523e-30,159410
m4_logit_option_value,C(built_cat)[T.1995_92],1.8840104963991389,0.16402640442188396,1.550948010859069e-30,159410
m4_logit_option_value,C(built_cat)[T.1995_93],2.130787878146092,0.16120347186498793,6.907411748668654e-40,159410
m4_logit_option_value,C(built_cat)[T.1995_94],1.8009929450040334,0.1649572848973547,9.462247357871213e-28,159410
m4_logit_option_value,C(built_cat)[T.1995_95],1.382220375973041,0.2099377533135927,4.581008867467599e-11,159410
m4_logit_option_value,C(built_cat)[T.1997_1919],2.727254929738312,0.13226093417326068,1.8058321183534132e-94,159410
m4_logit_option_value,C(built_cat)[T.1997_1920],2.732964719016015,0.14004758636169043,8.260360431598929e-85,159410
m4_logit_option_value,C(built_cat)[T.1997_1930],2.6276726368291152,0.13749212469558475,2.0279085901963665e-81,159410
m4_logit_option_value,C(built_cat)[T.1997_1940],2.6335456366730186,0.13214204199139074,2.250971857434109e-88,159410
m4_logit_option_value,C(built_cat)[T.1997_1950],2.6193614580487625,0.12738284464058502,5.899196942105861e-94,159410
m4_logit_option_value,C(built_cat)[T.1997_1960],2.7208094694381337,0.12774032458978532,1.1465442306992985e-100,159410
m4_logit_option_value,C(built_cat)[T.1997_1970],2.7546890510215305,0.1325991391360924,7.353153040016892e-96,159410
m4_logit_option_value,C(built_cat)[T.1997_1975],2.8094250764397235,0.13142768593719667,2.2250760876026744e-101,159410
m4_logit_option_value,C(built_cat)[T.1997_1980],2.586116166629301,0.13847287811498646,7.765717734513552e-78,159410
m4_logit_option_value,C(built_cat)[T.1997_1985],2.2492365339652243,0.1341276895966457,4.088366896001114e-63,159410
m4_logit_option_value,C(built_cat)[T.1997_1990],1.9094591875298406,0.18202792404524143,9.61051144069596e-26,159410
m4_logit_option_value,C(built_cat)[T.1997_1991],1.7739359257654816,0.17887515262204784,3.505423040783071e-23,159410
m4_logit_option_value,C(built_cat)[T.1997_1992],1.7716270016478177,0.17802874623351508,2.4877612265468984e-23,159410
m4_logit_option_value,C(built_cat)[T.1997_1993],1.8044612608843513,0.16495529406419893,7.49461201291206e-28,159410
m4_logit_option_value,C(built_cat)[T.1997_1994],1.7465445741896013,0.1678696092537027,2.373058871172272e-25,159410
m4_logit_option_value,C(built_cat)[T.1997_1995],2.0137158851211754,0.1622399528255037,2.2507324024778716e-35,159410
m4_logit_option_value,C(built_cat)[T.1997_1996],1.7857867694607876,0.16334768293773458,8.066091076052482e-28,159410
m4_logit_option_value,C(built_cat)[T.1997_1997],1.2116453488242076,0.21108800490331947,9.467601958440422e-09,159410
m4_logit_option_value,C(REGION)[T.2],0.012696508969874896,0.02490363854043672,0.6101737472575377,159410
m4_logit_option_value,C(REGION)[T.3],0.04524400327026422,0.026019756797031342,0.08206419961065715,159410
m4_logit_option_value,C(REGION)[T.4],0.045029216532743034,0.027476333975885968,0.10124733406614068,159410
m4_logit_option_value,log_value,0.0657952667587157,0.033974793135665336,0.05279540167572934,159410
m4_logit_option_value,log_income,0.2733415676895948,0.009872853889080376,1.0244004626255431e-168,159410
m4_logit_option_value,log_tax,0.011380515876196507,0.007933650688720132,0.1514406295070884,159410
m4_logit_option_value,uncertainty,0.7038761606002002,0.4749925609277846,0.13837548594457455,159410
m4_logit_option_value,option_value_proxy,-0.036372548695509335,0.04014201359381014,0.36488463695964657,159410
m5_lpm_robustness,Intercept,-0.24498198576483593,0.04653797884435621,1.4103647370967744e-07,159410
m5_lpm_robustness,C(built_cat)[T.1985_2],-0.020572026016341127,0.012907651173664684,0.11098609262659823,159410
m5_lpm_robustness,C(built_cat)[T.1985_3],-0.017666695224148307,0.012648089233859459,0.16247937429394738,159410
m5_lpm_robustness,C(built_cat)[T.1985_4],-0.030774700762264566,0.011761851616534976,0.00888488209123817,159410
m5_lpm_robustness,C(built_cat)[T.1985_5],-0.02344629438102955,0.01170798922004406,0.045223077166376247,159410
m5_lpm_robustness,C(built_cat)[T.1985_6],-0.02832854808483639,0.012619075584128834,0.024775994316248044,159410
m5_lpm_robustness,C(built_cat)[T.1985_7],-0.02740021656400747,0.0136057410321965,0.04402468585212412,159410
m5_lpm_robustness,C(built_cat)[T.1985_8],-0.02712462167769889,0.013960768758469348,0.05202788918532047,159410
m5_lpm_robustness,C(built_cat)[T.1985_80],-0.021989526211424668,0.021524239120311758,0.30696381269175904,159410
m5_lpm_robustness,C(built_cat)[T.1985_81],-0.01807117855622925,0.022653812197191123,0.42503983426173186,159410
m5_lpm_robustness,C(built_cat)[T.1985_82],0.014178189599153818,0.025078590735254442,0.5718362967492152,159410
m5_lpm_robustness,C(built_cat)[T.1985_83],-0.01583785219915938,0.02201203299249189,0.4718285167431282,159410
m5_lpm_robustness,C(built_cat)[T.1985_84],-0.02342345065854097,0.02170354336954672,0.28047995323547353,159410
m5_lpm_robustness,C(built_cat)[T.1985_85],-0.07127250478961838,0.02746235502101113,0.009452251411625765,159410
m5_lpm_robustness,C(built_cat)[T.1985_9],-0.026204013059890785,0.0126551338795741,0.03839563520705406,159410
m5_lpm_robustness,C(built_cat)[T.1987_1],-0.02666767096067905,0.015121656828338803,0.07781110371840017,159410
m5_lpm_robustness,C(built_cat)[T.1987_2],-0.03616788533741993,0.01273954654201716,0.004525740188620578,159410
m5_lpm_robustness,C(built_cat)[T.1987_3],-0.02861290274822106,0.01256757248891151,0.022803990851507385,159410
m5_lpm_robustness,C(built_cat)[T.1987_4],-0.043456361604034245,0.011784948469086226,0.0002265913009041283,159410
m5_lpm_robustness,C(built_cat)[T.1987_5],-0.03846867752422739,0.011786946780193267,0.0011000324398952267,159410
m5_lpm_robustness,C(built_cat)[T.1987_6],-0.03128456407543223,0.012674937454907517,0.013579636482348646,159410
m5_lpm_robustness,C(built_cat)[T.1987_7],-0.025413598679780318,0.013549443400574734,0.06070939063885272,159410
m5_lpm_robustness,C(built_cat)[T.1987_8],-0.029583717972742986,0.014004116290682747,0.034645001541723355,159410
m5_lpm_robustness,C(built_cat)[T.1987_80],-0.008478301311200606,0.020750376636064893,0.6828444830027663,159410
m5_lpm_robustness,C(built_cat)[T.1987_81],-0.04831321714960598,0.022512826223385487,0.03187203258855864,159410
m5_lpm_robustness,C(built_cat)[T.1987_82],-0.00822909482091698,0.02547133099103388,0.746640515437571,159410
m5_lpm_robustness,C(built_cat)[T.1987_83],-0.01662680040128545,0.02149923918344639,0.4393064090216401,159410
m5_lpm_robustness,C(built_cat)[T.1987_84],-0.024411964088461698,0.02063196739601544,0.2367274291035638,159410
m5_lpm_robustness,C(built_cat)[T.1987_85],-0.00037344787630872107,0.019227357989538868,0.9845038983625218,159410
m5_lpm_robustness,C(built_cat)[T.1987_86],-0.03714373783935522,0.01957173879497584,0.057720927347608995,159410
m5_lpm_robustness,C(built_cat)[T.1987_87],-0.09219281611990317,0.026079842167938527,0.0004078567649884998,159410
m5_lpm_robustness,C(built_cat)[T.1987_9],-0.03518131975488768,0.012496274917863707,0.004873094167717979,159410
m5_lpm_robustness,C(built_cat)[T.1989_1],-0.04575285213070214,0.01564195453418596,0.003444952268710964,159410
m5_lpm_robustness,C(built_cat)[T.1989_2],-0.05022069199822547,0.012932869643485632,0.00010313974272478851,159410
m5_lpm_robustness,C(built_cat)[T.1989_3],-0.040161501759620626,0.012682843548323558,0.0015426098425469286,159410
m5_lpm_robustness,C(built_cat)[T.1989_4],-0.05095151916404582,0.011760565443118785,1.4758018684532001e-05,159410
m5_lpm_robustness,C(built_cat)[T.1989_5],-0.04608072869166675,0.011697783496355665,8.17646761530042e-05,159410
m5_lpm_robustness,C(built_cat)[T.1989_6],-0.035787610348728405,0.012607504112776188,0.004531822186371289,159410
m5_lpm_robustness,C(built_cat)[T.1989_7],-0.049079628464534904,0.013541519110229702,0.0002897441603665866,159410
m5_lpm_robustness,C(built_cat)[T.1989_8],-0.044479275254693376,0.013868761007503474,0.0013408092078551796,159410
m5_lpm_robustness,C(built_cat)[T.1989_80],-0.02377865948482513,0.020828914939082222,0.25361464957185953,159410
m5_lpm_robustness,C(built_cat)[T.1989_81],-0.048544332001663644,0.022013370907795586,0.02744006410201078,159410
m5_lpm_robustness,C(built_cat)[T.1989_82],-0.05935816200844658,0.025136108478296025,0.018203849377696014,159410
m5_lpm_robustness,C(built_cat)[T.1989_83],-0.047724195885327975,0.02158881531409721,0.02706509058652582,159410
m5_lpm_robustness,C(built_cat)[T.1989_84],-0.06018807984353293,0.021196536870677248,0.004518658573017183,159410
m5_lpm_robustness,C(built_cat)[T.1989_85],-0.027773333600935052,0.01964969080687605,0.15753321163180956,159410
m5_lpm_robustness,C(built_cat)[T.1989_86],-0.05163816917137677,0.02061518969431418,0.01225096908197413,159410
m5_lpm_robustness,C(built_cat)[T.1989_87],-0.0633885279252893,0.019751871615767982,0.001331119651082657,159410
m5_lpm_robustness,C(built_cat)[T.1989_88],-0.07408537423271601,0.021627023661136273,0.0006136142252844097,159410
m5_lpm_robustness,C(built_cat)[T.1989_89],-0.10239130011326186,0.030523270634490608,0.0007951778521942808,159410
m5_lpm_robustness,C(built_cat)[T.1989_9],-0.03151337476809269,0.012641194091587702,0.012671059056012452,159410
m5_lpm_robustness,C(built_cat)[T.1991_1],-0.04228866381536467,0.01527671413323225,0.005637717175690165,159410
m5_lpm_robustness,C(built_cat)[T.1991_2],-0.0506040627839298,0.012778760343640392,7.497809164005795e-05,159410
m5_lpm_robustness,C(built_cat)[T.1991_3],-0.05835533481699412,0.01265329419543877,3.993742102223125e-06,159410
m5_lpm_robustness,C(built_cat)[T.1991_4],-0.05110200829361843,0.011841058105968241,1.592208717755684e-05,159410
m5_lpm_robustness,C(built_cat)[T.1991_5],-0.05271901774291851,0.011855948439905147,8.72866923008609e-06,159410
m5_lpm_robustness,C(built_cat)[T.1991_6],-0.045043260906505976,0.012759142632674785,0.00041524764165356464,159410
m5_lpm_robustness,C(built_cat)[T.1991_7],-0.0425982790906914,0.013629030130936593,0.0017750194801536422,159410
m5_lpm_robustness,C(built_cat)[T.1991_8],-0.05615725777739464,0.014105684849778219,6.860464027867656e-05,159410
m5_lpm_robustness,C(built_cat)[T.1991_80],-0.06854843576546212,0.020779728310217342,0.0009711588548703602,159410
m5_lpm_robustness,C(built_cat)[T.1991_81],-0.027054788015676366,0.022411648621745526,0.2273664443437516,159410
m5_lpm_robustness,C(built_cat)[T.1991_82],-0.07530882875888746,0.026397098193817192,0.004332500474884915,159410
m5_lpm_robustness,C(built_cat)[T.1991_83],-0.05000722722777544,0.02217986576622427,0.02415837847642496,159410
m5_lpm_robustness,C(built_cat)[T.1991_84],-0.04434759719489356,0.02106463955463833,0.03526589021856017,159410
m5_lpm_robustness,C(built_cat)[T.1991_85],-0.031463512971127906,0.0191992120865508,0.10125858499688856,159410
m5_lpm_robustness,C(built_cat)[T.1991_86],-0.04122845257641575,0.019561199867704177,0.035061551920949015,159410
m5_lpm_robustness,C(built_cat)[T.1991_87],-0.046802535503508685,0.018972727002999748,0.013632463154057771,159410
m5_lpm_robustness,C(built_cat)[T.1991_88],-0.03677648527292904,0.019917864793387186,0.06483498362574915,159410
m5_lpm_robustness,C(built_cat)[T.1991_89],-0.042445382213928136,0.019240509198993557,0.02738244204560621,159410
m5_lpm_robustness,C(built_cat)[T.1991_9],-0.037710854770549515,0.012575848546955265,0.0027120021223901117,159410
m5_lpm_robustness,C(built_cat)[T.1991_90],-0.08550527699572003,0.02186771742168902,9.22906052318513e-05,159410
m5_lpm_robustness,C(built_cat)[T.1991_91],-0.09616695258265082,0.031106190869507656,0.001991356952325582,159410
m5_lpm_robustness,C(built_cat)[T.1993_1],-0.03920904058888111,0.015659273624086385,0.012284742415756519,159410
m5_lpm_robustness,C(built_cat)[T.1993_2],-0.050546019399039466,0.012889353278316857,8.802435978754261e-05,159410
m5_lpm_robustness,C(built_cat)[T.1993_3],-0.03744816060058814,0.012673263718248166,0.003128214809295172,159410
m5_lpm_robustness,C(built_cat)[T.1993_4],-0.05406165934887531,0.011741418064750198,4.140648305030702e-06,159410
m5_lpm_robustness,C(built_cat)[T.1993_5],-0.04185741065183715,0.01168889016252703,0.0003424400971993327,159410
m5_lpm_robustness,C(built_cat)[T.1993_6],-0.040436924915724384,0.012554246461261827,0.0012778054182112607,159410
m5_lpm_robustness,C(built_cat)[T.1993_7],-0.03495813949475135,0.013454152876449898,0.009369088797920744,159410
m5_lpm_robustness,C(built_cat)[T.1993_8],-0.04335193553550079,0.013864293394624012,0.0017670581451643865,159410
m5_lpm_robustness,C(built_cat)[T.1993_80],-0.04357295454277628,0.020730907257011374,0.03556926418326585,159410
m5_lpm_robustness,C(built_cat)[T.1993_81],-0.05023284715543226,0.02176448490481394,0.02099934830817832,159410
m5_lpm_robustness,C(built_cat)[T.1993_82],-0.0526847189577693,0.024975610705708674,0.03490760043764061,159410
m5_lpm_robustness,C(built_cat)[T.1993_83],-0.02994058937924895,0.020985854172498264,0.15366736717799848,159410
m5_lpm_robustness,C(built_cat)[T.1993_84],-0.030315155901668098,0.020613035485779457,0.14137995660270755,159410
m5_lpm_robustness,C(built_cat)[T.1993_85],-0.021102989408770936,0.019216767742841603,0.2721384763273011,159410
m5_lpm_robustness,C(built_cat)[T.1993_86],-0.04866182615505055,0.020641654024314202,0.018401754341386765,159410
m5_lpm_robustness,C(built_cat)[T.1993_87],-0.050129690216985934,0.019616972199835936,0.01060675896151848,159410
m5_lpm_robustness,C(built_cat)[T.1993_88],-0.03320812597067059,0.020765453652624076,0.10977802038251111,159410
m5_lpm_robustness,C(built_cat)[T.1993_89],-0.06801357821870804,0.019774189872951438,0.0005829114807200566,159410
m5_lpm_robustness,C(built_cat)[T.1993_9],-0.04342993137756565,0.012664894620929323,0.0006056090060829747,159410
m5_lpm_robustness,C(built_cat)[T.1993_90],-0.04809566364194379,0.021566600140862823,0.025742227613389918,159410
m5_lpm_robustness,C(built_cat)[T.1993_91],-0.05448513468152522,0.021423721387774253,0.010984691842446579,159410
m5_lpm_robustness,C(built_cat)[T.1993_92],-0.08656645272814927,0.021338293001383717,4.9760690195411394e-05,159410
m5_lpm_robustness,C(built_cat)[T.1993_93],-0.05918650160450767,0.036247340969983916,0.10250234566691482,159410
m5_lpm_robustness,C(built_cat)[T.1995_1],0.5129635715759844,0.01554299002854798,4.729364836709777e-238,159410
m5_lpm_robustness,C(built_cat)[T.1995_2],0.6256076733025393,0.013111549484103192,0.0,159410
m5_lpm_robustness,C(built_cat)[T.1995_3],0.5855000721177298,0.012901280469468215,0.0,159410
m5_lpm_robustness,C(built_cat)[T.1995_4],0.5696711024007826,0.011922484046187771,0.0,159410
m5_lpm_robustness,C(built_cat)[T.1995_5],0.5418752026249862,0.011845121552484277,0.0,159410
m5_lpm_robustness,C(built_cat)[T.1995_6],0.5370287804102605,0.012794994550602531,0.0,159410
m5_lpm_robustness,C(built_cat)[T.1995_7],0.5153721915628486,0.01387121793934874,7.407204596852322e-301,159410
m5_lpm_robustness,C(built_cat)[T.1995_8],0.5656944844059959,0.014210350416728293,0.0,159410
m5_lpm_robustness,C(built_cat)[T.1995_80],0.5570267385324028,0.021445120388345958,1.9639271590043063e-148,159410
m5_lpm_robustness,C(built_cat)[T.1995_81],0.5208968450443631,0.023469186417541477,5.631761891036633e-109,159410
m5_lpm_robustness,C(built_cat)[T.1995_82],0.5264051469689439,0.02708831597226945,5.089632955255112e-84,159410
m5_lpm_robustness,C(built_cat)[T.1995_83],0.5826026753015563,0.022556958444056363,8.631120029955493e-147,159410
m5_lpm_robustness,C(built_cat)[T.1995_84],0.517724224141727,0.022845429988345635,1.6067762326395793e-113,159410
m5_lpm_robustness,C(built_cat)[T.1995_85],0.5136535517693952,0.02020360439420472,2.6482171717582867e-142,159410
m5_lpm_robustness,C(built_cat)[T.1995_86],0.4718943223639964,0.02061907318798612,9.792284978864651e-116,159410
m5_lpm_robustness,C(built_cat)[T.1995_87],0.41268192363056844,0.020040724348390892,4.2818126760607373e-94,159410
m5_lpm_robustness,C(built_cat)[T.1995_88],0.43303781959346355,0.020572967303034047,3.1894047730475566e-98,159410
m5_lpm_robustness,C(built_cat)[T.1995_89],0.33482169317917115,0.019998776995418337,7.319705729062612e-63,159410
m5_lpm_robustness,C(built_cat)[T.1995_9],0.5298179817533062,0.012980678825406251,0.0,159410
m5_lpm_robustness,C(built_cat)[T.1995_90],0.4013919152609364,0.021571014801599658,3.3477939403153317e-77,159410
m5_lpm_robustness,C(built_cat)[T.1995_91],0.3365321810298813,0.021178507832693396,8.185585166267577e-57,159410
m5_lpm_robustness,C(built_cat)[T.1995_92],0.3342378681056094,0.020574023111922843,2.6778808636232e-59,159410
m5_lpm_robustness,C(built_cat)[T.1995_93],0.39541152831154514,0.020145636636907407,1.1341428890842719e-85,159410
m5_lpm_robustness,C(built_cat)[T.1995_94],0.31319391287112724,0.020670182624133813,7.992685492098092e-52,159410
m5_lpm_robustness,C(built_cat)[T.1995_95],0.21928092900653762,0.027550807623083155,1.7435806656174516e-15,159410
m5_lpm_robustness,C(built_cat)[T.1997_1919],0.5125176060438889,0.013759074007037644,2.1937911068013304e-302,159410
m5_lpm_robustness,C(built_cat)[T.1997_1920],0.5169449592239681,0.015383587779681055,1.090995869720095e-246,159410
m5_lpm_robustness,C(built_cat)[T.1997_1930],0.4919983845497487,0.014939715415706987,4.789677964474117e-237,159410
m5_lpm_robustness,C(built_cat)[T.1997_1940],0.49105063234914825,0.013808287286630591,6.607258702661793e-276,159410
m5_lpm_robustness,C(built_cat)[T.1997_1950],0.4914892323404759,0.012712476264820518,0.0,159410
m5_lpm_robustness,C(built_cat)[T.1997_1960],0.5211906677551472,0.012745963775132617,0.0,159410
m5_lpm_robustness,C(built_cat)[T.1997_1970],0.5326968130388545,0.013760060905682,0.0,159410
m5_lpm_robustness,C(built_cat)[T.1997_1975],0.5498676336376229,0.013448904801800872,0.0,159410
m5_lpm_robustness,C(built_cat)[T.1997_1980],0.5019270609498051,0.015052134865930279,5.784620022776371e-243,159410
m5_lpm_robustness,C(built_cat)[T.1997_1985],0.4259446795868398,0.014219717774257372,1.3574640926485079e-196,159410
m5_lpm_robustness,C(built_cat)[T.1997_1990],0.3418099066343095,0.023695197871238107,3.842647101302143e-47,159410
m5_lpm_robustness,C(built_cat)[T.1997_1991],0.3112772536672152,0.02300098161495201,1.0500950736197426e-41,159410
m5_lpm_robustness,C(built_cat)[T.1997_1992],0.31237976774738485,0.022932384935352147,3.139342019645836e-42,159410
m5_lpm_robustness,C(built_cat)[T.1997_1993],0.31816789286913283,0.020484318245982604,2.300558755244952e-54,159410
m5_lpm_robustness,C(built_cat)[T.1997_1994],0.30555317363528567,0.021010069972583065,6.926217343200108e-48,159410
m5_lpm_robustness,C(built_cat)[T.1997_1995],0.37315795169219884,0.020061465038705147,3.827751573230853e-77,159410
m5_lpm_robustness,C(built_cat)[T.1997_1996],0.3164894910925556,0.02027644980139601,6.974201746084803e-55,159410
m5_lpm_robustness,C(built_cat)[T.1997_1997],0.1836170081826786,0.027091051720864363,1.2246447336721257e-11,159410
m5_lpm_robustness,C(REGION)[T.2],0.0016295836738027371,0.0024276264544596197,0.5020519130400345,159410
m5_lpm_robustness,C(REGION)[T.3],0.005819540999884697,0.0025458250603283316,0.022260508801176204,159410
m5_lpm_robustness,C(REGION)[T.4],0.006366805905566139,0.0026770759067247718,0.017395316771740936,159410
m5_lpm_robustness,log_value,0.0006333546961480893,0.0038796860362744043,0.8703226287649936,159410
m5_lpm_robustness,log_income,0.028441761511000238,0.0009534037033785429,5.230092439542631e-195,159410
m5_lpm_robustness,log_tax,0.002699354658233577,0.0009566798431318325,0.004779270440041766,159410
m5_lpm_robustness,uncertainty,0.015105042695045652,0.05846071742941016,0.7961144789187511,159410
m5_lpm_robustness,option_value_proxy,0.00215554048158778,0.004976753743790371,0.6649268811724929,159410
